tournament,course,score,win_weight,top5_weight,top10_weight,top20_weight
The_Sentry,Kapalua_Resort_(Plantation_Course),691.125,0.8500000000008103,0.04999999999999999,0.04999999999999999,0.04999999999999999
Sony_Open_in_Hawaii,Waialae_Country_Club,424.925,0.05,0.05000000008575739,0.18009920377204364,0.719900796534698
The_American_Express,,491.85,0.1843231308527923,0.31129041195705626,0.43034150223842343,0.07404523867520622
